P_vars,Polyphen2_HVAR_S,MutationAssessor_S,VEST4_S,REVEL_S,PrimateAI_S,fathmm.MKL_coding_S,total.energy,Conf5a_f1,Mut_FI_Sum,Mut5a_f1,esm1v_t33_650M_UR90S_1.pt
A136S,0.26,0.3758,0.4029,0.429,0.3879,0.9604,0.0406,0.2,0.2939,0,0.9704
A351T,0.006,0.2901,0.0678,0.1568,0.049,0.1344,0.0409,0.036,0.3058,0,0.9836
A442V,0.996,0.348,0.7443,0.8718,0.7178,0.9934,0.0415,0.176,0.3038,0.029,0.9658
A462E,0.007,0.3085,0.1597,0.3962,0.647,0.9812,0.04,0,0.2968,0,0.9802
A462G,0.13,0.3085,0.2244,0.4428,0.5329,0.9858,0.0403,0,0.2968,0,0.979
A462T,0.13,0.2901,0.2443,0.3294,0.5368,0.8358,0.0401,0,0.2968,0,0.9855
A76D,0.999,0.3838,0.8967,0.9703,0.6044,0.9988,0.0427,0.5,0.2926,0.5,0.9576
C114W,0.645,0.3287,0.3904,0.2744,0.2977,0.9487,0.0404,0,0.3071,0,0.957
C350Y,0.718,0.3714,0.2453,0.5975,0.6674,0.9143,0.0417,0,0.3038,0.053,0.9848
C458F,0.664,0.348,0.7881,0.9036,0.9713,0.9829,0.0451,0.118,0.2952,0.059,0.9401
C458G,0.174,0.348,0.8079,0.9078,0.9354,0.9958,0.0421,0.118,0.2952,0.059,0.9505
C478F,0.979,0.348,0.8946,0.8602,0.8078,0.9829,0.0432,0,0.2937,0,0.9629
C478R,0.944,0.348,0.882,0.9036,0.895,0.9896,0.0442,0,0.2937,0,0.9584
C78Y,0.989,0.3769,0.9113,0.6653,0.7525,0.955,0.0424,0.8,0.2934,0.2,0.9537
D105Y,0.647,0.3616,0.7495,0.5922,0.3347,0.6088,0.0402,0.062,0.2962,0.125,0.9569
D132N,0.756,0.3788,0.5459,0.7066,0.43,0.9877,0.0405,0,0.2935,0.056,0.9644
D424V,0.642,0.3317,0.4843,0.7744,0.3122,0.9881,0.0403,0.103,0.2947,0.103,0.9743
D426G,0.862,0.3445,0.8361,0.9449,0.7155,0.9946,0.0405,0.077,0.2901,0.269,0.9703
D426N,0.256,0.3215,0.3685,0.4492,0.785,0.9843,0.0404,0.077,0.2901,0.269,0.9787
D426Y,0.992,0.3445,0.8549,0.9227,0.7972,0.9904,0.0404,0.077,0.2901,0.231,0.9698
D450H,0.941,0.3343,0.3079,0.661,0.509,0.9715,0.0403,0.091,0.2929,0.045,0.9848
D460N,0.166,0.3054,0.2693,0.3994,0.5888,0.9564,0.0401,0.091,0.2952,0,0.9737
D49A,0.129,0.3459,0.6315,0.5159,0.3137,0.9002,0.0403,0.214,0.3013,0,0.9629
D49H,0.65,0.3343,0.6305,0.339,0.3891,0.7856,0.0404,0.214,0.3013,0,0.9661
E102D,0.136,0.3171,0.047,0.2436,0.511,0.8051,0.0402,0.037,0.3034,0.074,0.9704
E341Q,0.935,0.3495,0.237,0.7331,0.2785,0.9975,0.0403,0.077,0.2903,0.385,0.9684
E412D,0.053,0.3323,0.0741,0.2659,0.3253,0.8081,0.0401,0.263,0.2882,0.368,0.978
E412G,0,0.3555,0.2432,0.3951,0.2578,0.9296,0.04,0.263,0.2882,0.368,0.9746
E412Q,0.112,0.2832,0.1127,0.3792,0.3048,0.87,0.0403,0.263,0.2882,0.368,0.98
E463G,0.999,0.349,0.8674,0.8824,0.6081,0.9863,0.0409,0,0.2957,0,0.9674
E480Q,0.833,0.3086,0.238,0.5244,0.5666,0.9777,0.0403,0.048,0.2922,0,0.9783
E85Q,0.224,0.3278,0.1973,0.3189,0.1752,0.9274,0.0402,0.833,0.2919,0.833,0.9723
E87Q,0.172,0.3796,0.1232,0.3951,0.1364,0.8301,0.0404,0.444,0.2908,0.667,0.9746
F19C,0.042,0.3368,0.4509,0.3146,0.6875,0.7605,0.0406,0.25,0.2925,0.75,0.9734
F343L,0.989,0.3161,0.2265,0.4841,0.3153,0.9305,0.0401,0.129,0.2884,0.355,0.9793
F343S,0.995,0.3161,0.428,0.4481,0.2688,0.8873,0.041,0.129,0.2884,0.355,0.9698
F345L,0.989,0.342,0.9322,0.8443,0.6416,0.9406,0.0402,0.133,0.2923,0.267,0.9807
F62S,0.999,0.3783,0.8977,0.9576,0.7034,0.9963,0.0412,0.75,0.2939,0.25,0.9597
F62V,0.998,0.3716,0.9614,0.9725,0.6713,0.9971,0.041,0.75,0.2939,0.25,0.9679
F80I,0.002,0.3333,0.3132,0.2203,0.2586,0.2708,0.041,1,0.2936,0.25,0.9882
F80L,0.001,0.2637,0.0157,0.197,0.2683,0.2312,0.0406,1,0.2936,0.25,0.9861
F80V,0.002,0.3333,0.0814,0.3517,0.2266,0.3157,0.0406,1,0.2936,0.25,0.9874
G131A,1,0.392,0.8497,0.9184,0.4972,0.9793,0.0412,0,0.2954,0.067,0.9636
G139S,1,0.3804,0.9008,0.9831,0.6089,0.9877,0.0416,0.167,0.2934,0.056,0.9588
G139V,1,0.4035,0.9896,0.9693,0.6197,0.9834,0.0422,0.167,0.2934,0.056,0.9377
G149E,1,0.3928,0.952,0.9672,0.7235,0.9877,0.041,0,0.2981,0,0.9661
G149W,1,0.4045,0.9666,0.9608,0.722,0.9918,0.0414,0,0.298,0,0.945
G32E,0.999,0.3539,0.9906,0.8612,0.9441,0.9537,0.0429,0.429,0.2949,0.143,0.9636
G342E,0.003,0.3213,0.166,0.2956,0.2331,0.8353,0.0414,0.125,0.2937,0.25,0.9778
G342R,0.007,0.3213,0.2296,0.1811,0.2309,0.8761,0.0411,0.125,0.2937,0.25,0.9712
G342V,0.001,0.2914,0.1138,0.2733,0.1957,0.7073,0.0416,0.125,0.2937,0.25,0.9774
G472E,0.688,0.2775,0.1514,0.4439,0.5519,0.828,0.0403,0,0.3042,0.026,0.9807
G472R,0.865,0.3238,0.3685,0.6335,0.5686,0.9756,0.0404,0,0.3042,0.026,0.9827
G82S,0.012,0.2517,0.0219,0.054,0.0568,0.0458,0.0409,0.667,0.2906,0.667,0.9854
G82V,0.255,0.3109,0.2839,0.2532,0.0646,0.1686,0.0414,0.667,0.2906,0.667,0.978
G95E,1,0.3905,0.9781,0.964,0.7681,0.9873,0.0456,0.4,0.2968,0.05,0.9427
G96W,1,0.4008,0.9342,0.9682,0.7352,0.9915,0.0476,0.167,0.2976,0.056,0.9389
H140Y,0.998,0.3853,0.9749,0.9915,0.7073,0.996,0.0419,0.08,0.2947,0.12,0.9501
H448R,0.91,0.2832,0.142,0.375,0.5025,0.7426,0.0404,0.32,0.2943,0,0.9853
H455R,0.99,0.349,0.8716,0.9608,0.9296,0.9863,0.0451,0.074,0.2902,0.074,0.9533
H468R,0.001,0.2999,0.0438,0.2489,0.3304,0.5212,0.0402,0,0.3019,0,0.9855
H47L,0,0.2139,0.2338,0.2913,0.348,0.671,0.0398,0.167,0.2974,0,1
H47Q,0.043,0.2785,0.3841,0.2648,0.3656,0.7293,0.0404,0.167,0.2974,0,0.9847
H47Y,0.016,0.2785,0.3664,0.2394,0.4086,0.775,0.0404,0.167,0.2974,0,0.9851
H54R,0.023,0.2517,0.0637,0.3252,0.2317,0.8889,0.0402,0.25,0.2947,0,0.9791
H54Y,0.086,0.2785,0.1409,0.1854,0.2359,0.7338,0.0403,0.25,0.2947,0,0.9758
H89Q,0.002,0.2854,0.024,0.2807,0.162,0.1045,0.0402,0.8,0.2915,1,0.9816
H89R,0.023,0.2901,0.0804,0.1239,0.1682,0.0592,0.0403,0.8,0.2915,1,0.9801
H94Y,0.998,0.4016,0.8559,0.9703,0.7593,0.9959,0.0405,0.474,0.2943,0.053,0.9651
I107F,0.417,0.3178,0.6106,0.5742,0.5513,0.7871,0.0408,0,0.2984,0.174,0.975
I112V,0,0.2336,0.0052,0.0551,0.1115,0.011,0.0402,0,0.2919,0.043,0.9837
I12T,0,0.267,0.0804,0.3888,0.2023,0.1207,0.0407,0.2,0.2922,0.2,0.986
I444N,0.997,0.349,0.928,0.9492,0.9779,0.9949,0.0409,0.154,0.2954,0,0.9577
I61V,0,0.2854,0.0073,0.2436,0.0596,0.0234,0.0404,0.556,0.2913,0.444,0.9846
I92F,0.425,0.3268,0.5271,0.4248,0.2838,0.8758,0.0399,0.438,0.2969,0.062,0.9693
I93T,0.998,0.4001,0.9029,0.964,0.7737,0.9963,0.0411,0.5,0.2989,0.062,0.9573
K115E,0.339,0.3642,0.5418,0.5794,0.4847,0.9058,0.0405,0,0.2969,0.037,0.958
K115N,0.438,0.3527,0.4635,0.3951,0.5176,0.1453,0.0405,0,0.2969,0.037,0.9666
K115R,0.007,0.2897,0.0856,0.1917,0.4129,0.7854,0.0404,0,0.2969,0.037,0.9782
K119N,0.756,0.3889,0.477,0.5159,0.2939,0.8182,0.0404,0.167,0.2989,0.111,0.9608
K119R,0.027,0.3681,0.1106,0.3739,0.2268,0.8653,0.0403,0.167,0.2989,0.111,0.9697
K150N,0.717,0.393,0.5574,0.7076,0.5056,0.8805,0.0405,0,0.2954,0.036,0.9602
K150R,0.054,0.3814,0.1315,0.4799,0.3852,0.9381,0.0404,0,0.2954,0.036,0.9671
K440I,0.863,0.347,0.8017,0.8284,0.6086,0.9557,0.0414,0,0.3008,0.071,0.971
K440R,0.02,0.3287,0.6795,0.4258,0.5382,0.8995,0.0403,0,0.3008,0.071,0.9798
K51N,0.999,0.3753,0.2255,0.4873,0.5669,0.3543,0.0405,0.125,0.2994,0,0.9773
K64E,0.266,0.3362,0.4269,0.5064,0.2896,0.9886,0.0405,0.6,0.2941,0,0.9745
K81R,0.002,0.2914,0,0,0.0867,0.143,0.0404,0.75,0.2943,0.25,0.9799
K88E,0.002,0.2819,0.047,0.1547,0.1648,0.7347,0.0404,0.571,0.2921,0.857,0.9852
K88N,0.129,0.338,0.2276,0.1239,0.1835,0.0814,0.0404,0.571,0.2921,0.857,0.9816
L348F,0.998,0.3864,0.5971,0.6674,0.4154,0.9418,0.0408,0.107,0.2967,0.143,0.9683
L438F,0.998,0.3365,0.3361,0.7966,0.7895,0.9898,0.0404,0,0.3064,0,0.9763
L438H,0.999,0.348,0.762,0.9439,0.8792,0.9949,0.0403,0,0.3064,0,0.9641
L461M,0.998,0.349,0.7349,0.7553,0.6724,0.9755,0.0405,0.056,0.2927,0.056,0.9803
L48P,0.235,0.341,0.6545,0.6864,0.2371,0.9676,0.0428,0.091,0.3016,0,0.9491
L69V,0.998,0.3915,0.6169,0.8909,0.3896,0.9868,0.0408,0.5,0.2938,0,0.9644
L72F,0.999,0.3958,0.6597,0.8867,0.4693,0.9372,0.0404,0.25,0.2943,0,0.9554
L84F,0.001,0.3317,0.0397,0.2521,0.0357,0.0094,0.0404,0.8,0.2926,0.8,0.9759
M110K,0.303,0.3794,0.8633,0.875,0.5175,0.9938,0.0415,0.031,0.3015,0.125,0.945
M110V,0.008,0.3343,0.5595,0.3199,0.3681,0.8954,0.0403,0.031,0.3015,0.125,0.9697
M347I,0.021,0.2365,0.0585,0.1631,0.0204,0.0269,0.0407,0.03,0.3058,0.061,0.9987
M347T,0.001,0.2969,0.1033,0.339,0.0524,0.0699,0.041,0.03,0.3058,0.061,0.9912
M443T,0.966,0.349,0.8413,0.9364,0.8272,0.9948,0.0409,0.29,0.2936,0.032,0.9595
M459T,0.122,0.3365,0.7839,0.7436,0.8659,0.9948,0.0408,0.133,0.2932,0.133,0.977
M459V,0.003,0.348,0.7547,0.75,0.6526,0.9863,0.0405,0.133,0.2932,0.133,0.9784
M5K,0.3,0.3459,0.7307,0.536,0.5008,0.974,0.0405,0.444,0.2958,0,0.9882
M5R,0.593,0.3459,0.737,0.5794,0.473,0.9666,0.0405,0.444,0.2958,0,0.9876
N100S,0.998,0.3898,0.6973,0.875,0.5168,0.9855,0.0405,0,0.2883,0.167,0.969
N116I,0.126,0.3086,0.4134,0.2574,0.4554,0.2455,0.0403,0.056,0.2985,0,0.9828
N116K,0.197,0.3317,0.3225,0.1864,0.5167,0.3841,0.0402,0.056,0.2985,0,0.9719
N117D,0.119,0.3788,0.2714,0.4936,0.3996,0.9262,0.0403,0.056,0.2951,0.056,0.9661
N11S,0.001,0.3293,0.1451,0.1621,0.3009,0.7262,0.0405,0.1,0.2938,0.1,0.9834
N23D,0.001,0.3459,0.5491,0.1165,0.3764,0.7687,0.0403,0,0.2957,0.167,0.9724
N23S,0.014,0.3459,0.4781,0.2299,0.2405,0.9101,0.0403,0,0.2957,0.167,0.9818
N428H,0.999,0.348,0.7954,0.7966,0.8346,0.9909,0.0404,0,0.2911,0.25,0.9767
N428I,0.999,0.348,0.8998,0.9131,0.8258,0.9959,0.0404,0,0.2911,0.25,0.9735
N439S,0.994,0.3459,0.6138,0.7023,0.355,0.9658,0.0403,0.067,0.3044,0,0.9788
N53H,0.911,0.3539,0.4342,0.3898,0.4538,0.8166,0.0406,0.111,0.2942,0,0.971
N53K,0.516,0.3656,0.5219,0.4597,0.5258,0.7269,0.0402,0.111,0.2942,0,0.9732
P134L,0.999,0.4035,0.9332,0.9979,0.7441,0.996,0.0403,0.167,0.2953,0,0.9519
P17T,0.997,0.3526,0.8862,0.8157,0.766,0.975,0.0409,0.333,0.29,1,0.9706
P421H,0.859,0.3201,0.0595,0.4036,0.1053,0.9436,0.0407,0.08,0.2921,0.08,0.9792
P421S,0.243,0.3018,0.047,0.178,0.0751,0.8704,0.0407,0.08,0.2921,0.08,0.9888
P421T,0.486,0.3085,0.0428,0.2225,0.0805,0.892,0.0407,0.08,0.2921,0.08,0.9855
P432L,0.999,0.348,1,0.9566,0.9096,0.9964,0.041,0.029,0.2913,0.176,0.9592
P432R,0.999,0.348,0.9478,0.9428,0.9016,0.9986,0.0405,0.029,0.2913,0.176,0.9589
P441H,0.999,0.349,0.8351,0.9301,0.8167,0.9957,0.0424,0,0.3027,0.036,0.9607
P441T,0.999,0.349,0.8758,0.9566,0.7947,0.9979,0.0414,0,0.3027,0.036,0.9684
P75A,0.999,0.3836,0.6952,0.8623,0.4234,0.9916,0.0407,0.5,0.2936,0.25,0.9667
P75L,0.999,0.3836,0.9175,0.9587,0.5416,0.9973,0.0409,0.5,0.2936,0.25,0.9583
Q16H,0.996,0.3253,0.3935,0.6822,0.555,0.723,0.0405,0.5,0.2919,1,0.9777
Q27R,0.016,0.3153,0.1284,0.2595,0.2788,0.9077,0.0404,0.25,0.294,0,0.9798
Q33H,0.996,0.3539,0.7255,0.4936,0.717,0.241,0.0404,0.4,0.2944,0,0.9702
Q90E,0.009,0.3744,0.1764,0.2744,0.2558,0.9384,0.0405,0.571,0.293,0.714,0.9734
R123H,0.493,0.3629,0.1889,0.3305,0.0596,0.4685,0.0406,0.2,0.2964,0,0.976
R137I,0.999,0.404,0.9478,0.9767,0.6203,0.9918,0.0404,0.094,0.2967,0,0.9521
R148Q,0.012,0.3403,0.1441,0.2309,0.2505,0.6056,0.0403,0.087,0.3002,0.043,0.9694
R464C,0.001,0.3016,0.2641,0.1547,0.2479,0.2873,0.0404,0,0.295,0,0.9691
R464H,0.001,0.3016,0.0553,0.2182,0.1886,0.0398,0.0404,0,0.295,0,0.9762
R464L,0.026,0.2901,0.0804,0.2278,0.2095,0.065,0.0403,0,0.295,0,0.9766
R464P,0.002,0.3016,0.1117,0.2966,0.2107,0.0364,0.04,0,0.295,0,0.9777
R73C,0.999,0.3963,0.8653,0.9661,0.5928,0.9717,0.0398,0.5,0.2932,0,0.9564
S111Y,0.876,0.3913,0.6879,0.5667,0.5632,0.8957,0.0411,0,0.309,0.038,0.9664
S147C,0.999,0.3636,0.7996,0.9492,0.5667,0.9885,0.0405,0,0.2944,0,0.9709
S151N,0.025,0.3213,0.1347,0.2722,0.546,0.8638,0.0403,0,0.3074,0.029,0.9736
S40Y,0.75,0.3539,0.7443,0.8803,0.8011,0.975,0.04,0,0.2946,0,0.9723
S447F,0.998,0.349,0.8925,0.9269,0.8395,0.9964,0.0402,0.294,0.2969,0.059,0.9657
S63Y,0.987,0.3799,0.8518,0.9354,0.5604,0.9988,0.04,0.6,0.2922,0.4,0.9716
T121I,0.981,0.3322,0.2871,0.679,0.5863,0.9691,0.0401,0.273,0.2952,0,0.9681
T121N,0.948,0.3961,0.5898,0.7023,0.5253,0.9805,0.0405,0.273,0.2952,0,0.967
T125A,0.023,0.3585,0.2516,0.2807,0.1866,0.8561,0.0405,0,0.297,0,0.972
T418I,0.998,0.2717,0.167,0.4778,0.3743,0.8095,0.0403,0.107,0.308,0.143,0.9807
T436N,0.997,0.348,0.8132,0.8019,0.7397,0.9979,0.0404,0,0.2949,0,0.9797
T436S,0.994,0.348,0.7119,0.8496,0.6474,0.9986,0.0403,0,0.2949,0,0.9828
T60A,0.001,0.2705,0.0042,0.2468,0.1091,0.4233,0.0403,0.333,0.2933,0.333,0.99
T98A,0.998,0.4016,0.666,0.9269,0.5341,0.9855,0.04,0.238,0.2969,0.048,0.9595
V103I,0,0.2423,0.071,0.2267,0.3259,0.6894,0.0401,0,0.2935,0.071,0.9832
V109D,0.224,0.3716,0.7035,0.6441,0.2169,0.9841,0.0409,0.043,0.291,0.174,0.9475
V133I,0.027,0.3116,0.0919,0.0953,0.2285,0.374,0.0402,0.074,0.3072,0.037,0.9823
V338A,0.002,0.2203,0.0209,0.1409,0.1044,0,0.0398,0.333,0.2947,0.167,0.9843
V338F,0.15,0.2939,0.0647,0.1843,0.1097,0.0307,0.0402,0.333,0.2947,0.167,0.9728
V45I,0.011,0.317,0.1587,0.1758,0.4157,0.795,0.0403,0.8,0.2948,0.2,0.981
V50I,0,0.2517,0.0177,0.1578,0.1617,0.0452,0.04,0.091,0.2988,0,0.9818
V55I,0.002,0.2717,0.047,0.1631,0.124,0.5852,0.04,0,0.2935,0,0.9812
V6E,0.174,0.3238,0.6044,0.6155,0.2033,0.9994,0.0416,0.4,0.2939,0,0.9838
W416R,0.998,0.348,0.977,1,1,0.9955,0.0405,0.222,0.2952,0.444,0.9655
W430S,0.997,0.348,0.9081,0.9746,0.9254,0.9979,0.0402,0.028,0.3045,0.083,0.9838
Y138S,0.999,0.4035,0.9582,0.982,0.7581,0.9895,0.0411,0.172,0.2994,0,0.9588
Y146C,0.815,0.3581,0.1889,0.4566,0.4208,0.8762,0.0407,0,0.2917,0.375,0.9652
Y344D,0.999,0.3771,0.9061,0.9375,0.6375,0.9847,0.0409,0.077,0.2991,0.154,0.9586
Y344H,0.998,0.3395,0.8319,0.7415,0.656,0.9681,0.0407,0.077,0.2991,0.154,0.9716
Y346C,0.999,0.3883,0.8539,0.9725,0.5907,0.9941,0.0411,0.056,0.2937,0.111,0.9641
Y346F,0.994,0.3814,0.6628,0.8422,0.4846,0.9955,0.0405,0.056,0.2937,0.111,0.9697
Y434C,0.999,0.348,0.9259,0.9661,0.9654,0.9863,0.0411,0,0.3067,0,0.9716
Y434S,0.998,0.348,0.8267,0.982,0.9044,0.9899,0.0412,0,0.3067,0,0.9765
Y476H,0.982,0.348,0.904,0.8761,0.913,0.9948,0.0409,0,0.2907,0.2,0.9726
Y477H,0.771,0.2901,0.453,0.6981,0.7161,0.9896,0.0408,0,0.2948,0.125,0.9768
Y477N,0.691,0.2901,0.6806,0.768,0.7081,0.9882,0.0408,0,0.2948,0.125,0.9739
Y74S,0.856,0.3392,0.3873,0.4004,0.3859,0.9409,0.0403,0.333,0.2927,0.333,0.9683
